episode,train goal?,train time (ms),train reward,train step,val goal?,val reward,val step
1,yes,245.67299999944225,-288.5399999999922,2827,,-3.124999999999767,3125
2,yes,61.71000000085769,-4.747000000000069,752,,-3.124999999999767,3125
3,yes,45.433999999659136,-63.454999999999906,519,,-3.124999999999767,3125
4,yes,44.51900000003661,-3.476,480,,-3.124999999999767,3125
5,yes,132.50800000059826,-1.5809999999999367,1582,,-3.124999999999767,3125
6,yes,70.13300000016898,-0.8050000000000006,806,,-3.124999999999767,3125
7,yes,16.067999999904714,-0.19900000000000015,200,,-3.124999999999767,3125
8,yes,44.15400000016234,-0.5430000000000004,544,,-3.124999999999767,3125
9,yes,69.37999999991007,-0.8670000000000007,868,,-3.124999999999767,3125
10,yes,52.171000000271306,-0.5170000000000003,518,,-3.124999999999767,3125
11,yes,37.74299999986397,-0.45700000000000035,458,,-3.124999999999767,3125
12,yes,54.804999999760184,-0.6710000000000005,672,,-3.124999999999767,3125
13,yes,54.592999999840686,-0.5490000000000004,550,,-3.124999999999767,3125
14,yes,74.188999999933,-0.9270000000000007,928,,-3.124999999999767,3125
15,yes,19.253999999818916,-0.25300000000000017,254,,-3.124999999999767,3125
16,yes,31.38699999999517,-0.2990000000000002,300,,-3.124999999999767,3125
17,yes,25.05600000040431,-0.2590000000000002,260,,-3.124999999999767,3125
18,yes,65.06100000024162,-0.7650000000000006,766,,-3.124999999999767,3125
19,yes,40.632999999616004,-0.5030000000000003,504,,-3.124999999999767,3125
20,yes,10.588000000097963,-0.1570000000000001,158,,-3.124999999999767,3125
21,yes,11.547999999493186,-0.1570000000000001,158,,-3.124999999999767,3125
22,yes,23.616999999831023,-0.33300000000000024,334,,-3.124999999999767,3125
23,yes,19.422999999733292,-0.19100000000000014,192,,-3.124999999999767,3125
24,yes,126.05100000018865,-1.414999999999955,1416,,-3.124999999999767,3125
25,yes,57.34799999936513,-0.7870000000000006,788,,-3.124999999999767,3125
26,yes,32.743000000664324,-0.3010000000000002,302,,-3.124999999999767,3125
27,yes,33.540999999786436,-0.4210000000000003,422,,-3.124999999999767,3125
28,yes,41.61000000021886,-0.44700000000000034,448,,-3.124999999999767,3125
29,yes,14.591000000109489,-0.16300000000000012,164,,-3.124999999999767,3125
30,yes,16.71100000021397,-0.19700000000000015,198,,-3.124999999999767,3125
31,yes,29.857000000447442,-0.3110000000000002,312,,-3.124999999999767,3125
32,yes,22.01100000002043,-0.3050000000000002,306,,-3.124999999999767,3125
33,yes,16.864999999597785,-0.18100000000000013,182,,-3.124999999999767,3125
34,yes,9.644999999181891,-0.1210000000000001,122,,-3.124999999999767,3125
35,yes,8.826000000226486,-0.11100000000000008,112,,-3.124999999999767,3125
36,yes,13.538999999582302,-0.16300000000000012,164,,-3.124999999999767,3125
37,yes,10.150000000066939,-0.1370000000000001,138,,-3.124999999999767,3125
38,yes,20.816000000195345,-0.2470000000000002,248,,-3.124999999999767,3125
39,yes,14.26900000024034,-0.1410000000000001,142,,-3.124999999999767,3125
40,yes,17.193000000588654,-0.18500000000000014,186,,-3.124999999999767,3125
41,yes,26.080999999976484,-0.33700000000000024,338,,-3.124999999999767,3125
42,yes,12.329000000136148,-0.1410000000000001,142,,-3.124999999999767,3125
43,yes,10.64799999949173,-0.1330000000000001,134,,-3.124999999999767,3125
44,yes,22.48700000018289,-0.21500000000000016,216,,-3.124999999999767,3125
45,yes,13.238999999884982,-0.19100000000000014,192,,-3.124999999999767,3125
46,yes,13.202000000092085,-0.18500000000000014,186,,-3.124999999999767,3125
47,yes,9.648000000197499,-0.10900000000000008,110,,-3.124999999999767,3125
48,yes,9.612000000743137,-0.11300000000000009,114,,-3.124999999999767,3125
49,yes,22.353999999722873,-0.23100000000000018,232,,-3.124999999999767,3125
50,yes,7.8610000000480795,-0.08900000000000007,90,,-3.124999999999767,3125
51,yes,14.125000000603904,-0.17300000000000013,174,,-3.124999999999767,3125
52,yes,11.492999999973108,-0.16300000000000012,164,,-3.124999999999767,3125
53,yes,17.712000000756234,-0.18500000000000014,186,,-3.124999999999767,3125
54,yes,12.393999999403604,-0.11700000000000009,118,,-3.124999999999767,3125
55,yes,12.918000000354368,-0.11900000000000009,120,,-3.124999999999767,3125
56,yes,10.277000000314729,-0.11100000000000008,112,,-3.124999999999767,3125
57,yes,9.280999999646156,-0.09100000000000007,92,,-3.124999999999767,3125
58,yes,18.799999999828287,-0.17500000000000013,176,,-3.124999999999767,3125
59,yes,11.698999999680382,-0.11300000000000009,114,,-3.124999999999767,3125
60,yes,12.241000000358326,-0.16100000000000012,162,,-3.124999999999767,3125
61,yes,19.63499999965279,-0.23900000000000018,240,,-3.124999999999767,3125
62,yes,6.287000000156695,-0.06900000000000005,70,,-3.124999999999767,3125
63,yes,8.113000000776083,-0.08700000000000006,88,,-3.124999999999767,3125
64,yes,13.941999999588006,-0.17500000000000013,176,,-3.124999999999767,3125
65,yes,11.467000000266125,-0.1390000000000001,140,,-3.124999999999767,3125
66,yes,11.437000000114494,-0.12500000000000008,126,,-3.124999999999767,3125
67,yes,29.534000000239757,-0.2750000000000002,276,,-3.124999999999767,3125
68,yes,24.030999999922642,-0.2990000000000002,300,,-3.124999999999767,3125
69,yes,5.264999999781139,-0.06700000000000005,68,,-3.124999999999767,3125
70,yes,5.265000000690634,-0.06300000000000004,64,,-3.124999999999767,3125
71,yes,10.033999999905063,-0.11100000000000008,112,,-3.124999999999767,3125
72,yes,8.307000000058906,-0.09100000000000007,92,,-3.124999999999767,3125
73,yes,33.33199999997305,-0.3150000000000002,316,,-3.124999999999767,3125
74,yes,10.071000000607455,-0.11300000000000009,114,,-3.124999999999767,3125
75,yes,14.14299999942159,-0.16900000000000012,170,,-3.124999999999767,3125
76,yes,14.507999999295862,-0.18100000000000013,182,,-3.124999999999767,3125
77,yes,16.098000000056345,-0.16900000000000012,170,,-3.124999999999767,3125
78,yes,8.728000000701286,-0.09900000000000007,100,,-3.124999999999767,3125
79,yes,18.350999999711348,-0.25100000000000017,252,,-3.124999999999767,3125
80,yes,11.623999999756052,-0.12700000000000009,128,,-3.124999999999767,3125
81,yes,12.313000000176544,-0.1390000000000001,140,,-3.124999999999767,3125
82,yes,13.4330000000773,-0.1490000000000001,150,,-3.124999999999767,3125
83,yes,7.888999999522639,-0.08900000000000007,90,,-3.124999999999767,3125
84,yes,15.949999999975262,-0.22700000000000017,228,,-3.124999999999767,3125
85,yes,10.621000000355707,-0.1410000000000001,142,,-3.124999999999767,3125
86,yes,9.702000000288535,-0.12500000000000008,126,,-3.124999999999767,3125
87,yes,8.713999999599764,-0.09500000000000007,96,,-3.124999999999767,3125
88,yes,16.916000000492204,-0.1490000000000001,150,,-3.124999999999767,3125
89,yes,11.851000000206113,-0.11700000000000009,118,,-3.124999999999767,3125
90,yes,12.236000000484637,-0.11500000000000009,116,,-3.124999999999767,3125
91,yes,17.439000000194937,-0.17900000000000013,180,,-3.124999999999767,3125
92,yes,31.136999999944237,-0.2850000000000002,286,,-3.124999999999767,3125
93,yes,16.770000000178698,-0.18700000000000014,188,,-3.124999999999767,3125
94,yes,6.624999999985448,-0.07300000000000005,74,,-3.124999999999767,3125
95,yes,22.44700000028388,-0.2590000000000002,260,,-3.124999999999767,3125
96,yes,15.360999999757041,-0.1370000000000001,138,,-3.124999999999767,3125
97,yes,7.558000000244647,-0.08100000000000006,82,,-3.124999999999767,3125
98,yes,7.183000000622997,-0.06300000000000004,64,,-3.124999999999767,3125
99,yes,4.216999999698601,-0.057000000000000044,58,,-3.124999999999767,3125
100,yes,13.08800000060728,-0.17300000000000013,174,,-3.124999999999767,3125
101,yes,7.05999999991036,-0.09900000000000007,100,,-3.124999999999767,3125
102,yes,8.353000000170141,-0.10700000000000008,108,,-3.124999999999767,3125
103,yes,10.96499999948719,-0.1530000000000001,154,,-3.124999999999767,3125
104,yes,19.400000000132422,-0.20900000000000016,210,,-3.124999999999767,3125
105,yes,7.018999999672815,-0.08100000000000006,82,,-3.124999999999767,3125
106,yes,8.792999999968742,-0.1230000000000001,124,,-3.124999999999767,3125
107,yes,6.5029999996113474,-0.07700000000000005,78,,-3.124999999999767,3125
108,yes,8.741000000554777,-0.11500000000000009,116,,-3.124999999999767,3125
109,yes,11.161999999785621,-0.11300000000000009,114,,-3.124999999999767,3125
110,yes,26.080999999976484,-0.35700000000000026,358,,-3.124999999999767,3125
111,yes,7.016999999905238,-0.10100000000000008,102,,-3.124999999999767,3125
112,yes,10.678999999981897,-0.08100000000000006,82,,-3.124999999999767,3125
113,yes,6.3500000005660695,-0.07700000000000005,78,,-3.124999999999767,3125
114,yes,6.6740000002027955,-0.09900000000000007,100,,-3.124999999999767,3125
115,yes,10.39299999956711,-0.11700000000000009,118,,-3.124999999999767,3125
116,yes,10.381000000052154,-0.11100000000000008,112,,-3.124999999999767,3125
117,yes,7.724000000052911,-0.08300000000000006,84,,-3.124999999999767,3125
118,yes,6.752000000233238,-0.07900000000000006,80,,-3.124999999999767,3125
119,yes,7.619999999405991,-0.08100000000000006,82,,-3.124999999999767,3125
120,yes,9.615999999368796,-0.10500000000000008,106,,-3.124999999999767,3125
121,yes,11.303000000225438,-0.1450000000000001,146,,-3.124999999999767,3125
122,yes,5.932000000029802,-0.06300000000000004,64,,-3.124999999999767,3125
123,yes,9.592999999767926,-0.1370000000000001,138,,-3.124999999999767,3125
124,yes,6.892000000334519,-0.07500000000000005,76,,-3.124999999999767,3125
125,yes,13.504999999895517,-0.1310000000000001,132,,-3.124999999999767,3125
126,yes,5.204000000048836,-0.07100000000000005,72,,-3.124999999999767,3125
127,yes,7.306999999855179,-0.09300000000000007,94,,-3.124999999999767,3125
128,yes,7.880999999542837,-0.09900000000000007,100,,-3.124999999999767,3125
129,yes,5.430999999589403,-0.06500000000000004,66,,-3.124999999999767,3125
130,yes,7.398000000648608,-0.10300000000000008,104,,-3.124999999999767,3125
131,yes,7.832999999664025,-0.10900000000000008,110,,-3.124999999999767,3125
132,yes,6.955000000743894,-0.10100000000000008,102,,-3.124999999999767,3125
133,yes,5.363000000215834,-0.07100000000000005,72,,-3.124999999999767,3125
134,yes,5.600000000413274,-0.07900000000000006,80,,-3.124999999999767,3125
135,yes,5.597999999736203,-0.06300000000000004,64,,-3.124999999999767,3125
136,yes,10.79200000003766,-0.10900000000000008,110,,-3.124999999999767,3125
137,yes,7.991999999831023,-0.07700000000000005,78,,-3.124999999999767,3125
138,yes,7.2169999994002865,-0.06900000000000005,70,,-3.124999999999767,3125
139,yes,8.546999999452964,-0.08900000000000007,90,,-3.124999999999767,3125
140,yes,7.281000000148197,-0.07700000000000005,78,,-3.124999999999767,3125
141,yes,6.550000000061118,-0.06300000000000004,64,,-3.124999999999767,3125
142,yes,7.999999999810825,-0.09500000000000007,96,,-3.124999999999767,3125
143,yes,7.397999999739113,-0.08900000000000007,90,,-3.124999999999767,3125
144,yes,8.260999999947671,-0.08900000000000007,90,,-3.124999999999767,3125
145,yes,15.18599999963044,-0.1490000000000001,150,,-3.124999999999767,3125
146,yes,7.432999999764434,-0.07900000000000006,80,,-3.124999999999767,3125
147,yes,5.384000000049127,-0.06300000000000004,64,,-3.124999999999767,3125
148,yes,8.353000000170141,-0.07700000000000005,78,,-3.124999999999767,3125
149,yes,6.564999999682186,-0.08100000000000006,82,,-3.124999999999767,3125
150,yes,7.286999999450927,-0.08900000000000007,90,,-3.124999999999767,3125
151,yes,11.904999999387655,-0.1350000000000001,136,,-3.124999999999767,3125
152,yes,4.772999999659078,-0.05500000000000004,56,,-3.124999999999767,3125
153,yes,6.10800000049494,-0.07300000000000005,74,,-3.124999999999767,3125
154,yes,5.356000000574568,-0.07100000000000005,72,,-3.124999999999767,3125
155,yes,6.379000000379165,-0.07300000000000005,74,,-3.124999999999767,3125
156,yes,5.417999999735912,-0.06500000000000004,66,,-3.124999999999767,3125
157,yes,7.649000000128581,-0.09300000000000007,94,,-3.124999999999767,3125
158,yes,5.610000000160653,-0.07500000000000005,76,,-3.124999999999767,3125
159,yes,4.952999999659369,-0.05500000000000004,56,,-3.124999999999767,3125
160,yes,8.321000000250933,-0.09500000000000007,96,,-3.124999999999767,3125
161,yes,5.433000000266475,-0.07300000000000005,74,,-3.124999999999767,3125
162,yes,10.275000000547152,-0.09500000000000007,96,,-3.124999999999767,3125
163,yes,6.237999999939348,-0.06500000000000004,66,,-3.124999999999767,3125
164,yes,4.5559999998658895,-0.05100000000000004,52,,-3.124999999999767,3125
165,yes,6.121000000348431,-0.06500000000000004,66,,-3.124999999999767,3125
166,yes,5.626000000120257,-0.059000000000000045,60,,-3.124999999999767,3125
167,yes,6.814000000304077,-0.07100000000000005,72,,-3.124999999999767,3125
168,yes,5.295000000842265,-0.057000000000000044,58,,-3.124999999999767,3125
169,yes,7.899000000179512,-0.08300000000000006,84,,-3.124999999999767,3125
170,yes,6.534000000101514,-0.059000000000000045,60,,-3.124999999999767,3125
171,yes,6.909999999152205,-0.07300000000000005,74,,-3.124999999999767,3125
172,yes,5.723999999645457,-0.06900000000000005,70,,-3.124999999999767,3125
173,yes,7.572000000436674,-0.07900000000000006,80,,-3.124999999999767,3125
174,yes,6.511999999929685,-0.06900000000000005,70,,-3.124999999999767,3125
175,yes,7.636000000275089,-0.10300000000000008,104,,-3.124999999999767,3125
176,yes,4.768999999214429,-0.06300000000000004,64,,-3.124999999999767,3125
177,yes,8.858999999574735,-0.11700000000000009,118,,-3.124999999999767,3125
178,yes,4.427000000760017,-0.04900000000000004,50,,-3.124999999999767,3125
179,yes,5.648000000292086,-0.05500000000000004,56,,-3.124999999999767,3125
180,yes,5.823000000418688,-0.06900000000000005,70,,-3.124999999999767,3125
181,yes,6.078000000343309,-0.06500000000000004,66,,-3.124999999999767,3125
182,yes,4.641999999876134,-0.05100000000000004,52,,-3.124999999999767,3125
183,yes,10.815999999977066,-0.09500000000000007,96,,-3.124999999999767,3125
184,yes,6.417999999939639,-0.06300000000000004,64,,-3.124999999999767,3125
185,yes,5.151000000296335,-0.059000000000000045,60,,-3.124999999999767,3125
186,yes,7.102000000486441,-0.08300000000000006,84,,-3.124999999999767,3125
187,yes,5.511000000296917,-0.06500000000000004,66,,-3.124999999999767,3125
188,yes,7.263000000421016,-0.07300000000000005,74,,-3.124999999999767,3125
189,yes,5.634000000100059,-0.057000000000000044,58,,-3.124999999999767,3125
190,yes,5.482000000483822,-0.07700000000000005,78,,-3.124999999999767,3125
191,yes,5.480000000716245,-0.07500000000000005,76,,-3.124999999999767,3125
192,yes,5.250999999589112,-0.06500000000000004,66,,-3.124999999999767,3125
193,yes,4.839000000174565,-0.059000000000000045,60,,-3.124999999999767,3125
194,yes,5.411999999523687,-0.06100000000000005,62,,-3.124999999999767,3125
195,yes,6.81799999983923,-0.06500000000000004,66,,-3.124999999999767,3125
196,yes,4.771999999320542,-0.04900000000000004,50,,-3.124999999999767,3125
197,yes,5.165000000488362,-0.05300000000000004,54,,-3.124999999999767,3125
198,yes,6.510000000162108,-0.05300000000000004,54,,-3.124999999999767,3125
199,yes,7.959999999911815,-0.07900000000000006,80,,-3.124999999999767,3125
200,yes,5.2690000002257875,-0.05500000000000004,56,,-3.124999999999767,3125
201,yes,5.184000000554079,-0.05500000000000004,56,,-3.124999999999767,3125
202,yes,5.927999999585154,-0.06300000000000004,64,,-3.124999999999767,3125
203,yes,6.5910000002986635,-0.059000000000000045,60,,-3.124999999999767,3125
204,yes,5.503000000317115,-0.05100000000000004,52,,-3.124999999999767,3125
205,yes,5.065999999715132,-0.06100000000000005,62,,-3.124999999999767,3125
206,yes,5.755000000135624,-0.06100000000000005,62,,-3.124999999999767,3125
207,yes,6.409000000530796,-0.07100000000000005,72,,-3.124999999999767,3125
208,yes,5.810999999994237,-0.06300000000000004,64,,-3.124999999999767,3125
209,yes,5.175999999664782,-0.05500000000000004,56,,-3.124999999999767,3125
210,yes,4.149000000325032,-0.057000000000000044,58,,-3.124999999999767,3125
211,yes,4.233000000567699,-0.05300000000000004,54,,-3.124999999999767,3125
212,yes,5.621999999675609,-0.06300000000000004,64,,-3.124999999999767,3125
213,yes,5.478000000039174,-0.07100000000000005,72,,-3.124999999999767,3125
214,yes,4.390000000057626,-0.05500000000000004,56,,-3.124999999999767,3125
215,yes,5.431999999927939,-0.057000000000000044,58,,-3.124999999999767,3125
216,yes,5.320000000210712,-0.07500000000000005,76,,-3.124999999999767,3125
217,yes,5.1330000005691545,-0.057000000000000044,58,,-3.124999999999767,3125
218,yes,7.74100000035105,-0.09100000000000007,92,,-3.124999999999767,3125
219,yes,4.778999999871303,-0.06300000000000004,64,,-3.124999999999767,3125
220,yes,5.091999999422114,-0.05500000000000004,56,,-3.124999999999767,3125
221,yes,5.350000000362343,-0.06700000000000005,68,,-3.124999999999767,3125
222,yes,5.386000000726199,-0.059000000000000045,60,,-3.124999999999767,3125
223,yes,5.5540000003020396,-0.06300000000000004,64,,-3.124999999999767,3125
224,yes,7.403999999951338,-0.06100000000000005,62,,-3.124999999999767,3125
225,yes,7.999999999810825,-0.08300000000000006,84,,-3.124999999999767,3125
226,yes,4.493999999795051,-0.06100000000000005,62,,-3.124999999999767,3125
227,yes,6.159000000479864,-0.07100000000000005,72,,-3.124999999999767,3125
228,yes,4.146000000218919,-0.04900000000000004,50,,-3.124999999999767,3125
229,yes,5.175000000235741,-0.05500000000000004,56,,-3.124999999999767,3125
230,yes,4.920999999740161,-0.05300000000000004,54,,-3.124999999999767,3125
231,yes,6.7570000001069275,-0.09100000000000007,92,,-3.124999999999767,3125
232,yes,4.044000000249071,-0.04900000000000004,50,,-3.124999999999767,3125
233,yes,4.41800000044168,-0.05500000000000004,56,,-3.124999999999767,3125
234,yes,4.4289999996180995,-0.057000000000000044,58,,-3.124999999999767,3125
235,yes,4.723000000012689,-0.06300000000000004,64,,-3.124999999999767,3125
236,yes,4.716999999800464,-0.057000000000000044,58,,-3.124999999999767,3125
237,yes,5.1419999999779975,-0.06300000000000004,64,,-3.124999999999767,3125
238,yes,4.951999999320833,-0.04500000000000003,46,,-3.124999999999767,3125
239,yes,4.695999999967171,-0.05100000000000004,52,,-3.124999999999767,3125
240,yes,4.989999999452266,-0.05300000000000004,54,,-3.124999999999767,3125
241,yes,6.107999999585445,-0.057000000000000044,58,,-3.124999999999767,3125
242,yes,5.629999999655411,-0.057000000000000044,58,,-3.124999999999767,3125
243,yes,4.845999999815831,-0.05100000000000004,52,,-3.124999999999767,3125
244,yes,5.586000000221247,-0.057000000000000044,58,,-3.124999999999767,3125
245,yes,4.918999999972584,-0.04900000000000004,50,,-3.124999999999767,3125
246,yes,6.65599999956612,-0.05300000000000004,54,,-3.124999999999767,3125
247,yes,8.566999999857217,-0.08700000000000006,88,,-3.124999999999767,3125
248,yes,5.920999999943888,-0.06300000000000004,64,,-3.124999999999767,3125
249,yes,5.1630000007207855,-0.059000000000000045,60,,-3.124999999999767,3125
250,yes,5.156000000170025,-0.05300000000000004,54,,-3.124999999999767,3125
251,yes,5.75100000060047,-0.05100000000000004,52,,-3.124999999999767,3125
252,yes,5.16200000038225,-0.05500000000000004,56,,-3.124999999999767,3125
253,yes,3.7139999994906248,-0.04900000000000004,50,,-3.124999999999767,3125
254,yes,3.7659999998140847,-0.04900000000000004,50,,-3.124999999999767,3125
255,yes,4.316999999900872,-0.057000000000000044,58,,-3.124999999999767,3125
256,yes,3.8789999998698477,-0.05100000000000004,52,,-3.124999999999767,3125
257,yes,4.4679999991785735,-0.059000000000000045,60,,-3.124999999999767,3125
258,yes,4.614999999830616,-0.04500000000000003,46,,-3.124999999999767,3125
259,yes,5.243999999947846,-0.05500000000000004,56,,-3.124999999999767,3125
260,yes,5.718999999771768,-0.06700000000000005,68,,-3.124999999999767,3125
261,yes,5.020999999942433,-0.047000000000000035,48,,-3.124999999999767,3125
262,yes,4.4069999994462705,-0.04900000000000004,50,,-3.124999999999767,3125
263,yes,5.708000000595348,-0.06500000000000004,66,,-3.124999999999767,3125
264,yes,3.8960000001679873,-0.047000000000000035,48,,-3.124999999999767,3125
265,yes,5.463999999847147,-0.07100000000000005,72,,-3.124999999999767,3125
266,yes,4.12400000004709,-0.04900000000000004,50,,-3.124999999999767,3125
267,yes,4.230999999890628,-0.047000000000000035,48,,-3.124999999999767,3125
268,yes,5.678000000443717,-0.057000000000000044,58,,-3.124999999999767,3125
269,yes,4.34899999982008,-0.04500000000000003,46,,-3.124999999999767,3125
270,yes,5.420999999842024,-0.05500000000000004,56,,-3.124999999999767,3125
271,yes,4.712999999355816,-0.04300000000000003,44,,-3.124999999999767,3125
272,yes,6.231000000298081,-0.06300000000000004,64,,-3.124999999999767,3125
273,yes,5.229999999755819,-0.05500000000000004,56,,-3.124999999999767,3125
274,yes,5.786000000625791,-0.06100000000000005,62,,-3.124999999999767,3125
275,yes,5.078999999568623,-0.05500000000000004,56,,-3.124999999999767,3125
276,yes,4.9709999993865495,-0.05100000000000004,52,,-3.124999999999767,3125
277,yes,5.9380000002420275,-0.06900000000000005,70,,-3.124999999999767,3125
278,yes,4.866999999649124,-0.05300000000000004,54,,-3.124999999999767,3125
279,yes,4.188999999314547,-0.04500000000000003,46,,-3.124999999999767,3125
280,yes,5.4040000004533795,-0.04900000000000004,50,,-3.124999999999767,3125
281,yes,6.828999999925145,-0.07900000000000006,80,,-3.124999999999767,3125
282,yes,8.902999999918393,-0.11100000000000008,112,,-3.124999999999767,3125
283,yes,5.355999999665073,-0.04900000000000004,50,,-3.124999999999767,3125
284,yes,4.356999999799882,-0.05100000000000004,52,,-3.124999999999767,3125
285,yes,6.208000000697211,-0.047000000000000035,48,,-3.124999999999767,3125
286,yes,6.552999999257736,-0.05300000000000004,54,,-3.124999999999767,3125
287,yes,4.318999999668449,-0.06100000000000005,62,,-3.124999999999767,3125
288,yes,5.607999999483582,-0.05300000000000004,54,,-3.124999999999767,3125
289,yes,4.277000000001863,-0.059000000000000045,60,,-3.124999999999767,3125
290,yes,3.9619999997739797,-0.04900000000000004,50,,-3.124999999999767,3125
291,yes,3.7130000000615837,-0.04500000000000003,46,,-3.124999999999767,3125
292,yes,4.144000000451342,-0.05100000000000004,52,,-3.124999999999767,3125
293,yes,4.125000000385626,-0.04900000000000004,50,,-3.124999999999767,3125
294,yes,4.360999999335036,-0.04900000000000004,50,,-3.124999999999767,3125
295,yes,4.518000000643951,-0.04900000000000004,50,,-3.124999999999767,3125
296,yes,4.501999999774853,-0.047000000000000035,48,,-3.124999999999767,3125
297,yes,5.253000000266184,-0.05500000000000004,56,,-3.124999999999767,3125
298,yes,5.8990000006815535,-0.05100000000000004,52,,-3.124999999999767,3125
299,yes,4.8569999999017455,-0.04900000000000004,50,,-3.124999999999767,3125
300,yes,4.5470000004570466,-0.047000000000000035,48,,-3.124999999999767,3125
301,yes,5.594000000201049,-0.057000000000000044,58,,-3.124999999999767,3125
302,yes,4.240999999638007,-0.04100000000000003,42,,-3.124999999999767,3125
303,yes,4.949000000124215,-0.05100000000000004,52,,-3.124999999999767,3125
304,yes,5.004999999982829,-0.05100000000000004,52,,-3.124999999999767,3125
305,yes,4.807999999684398,-0.05300000000000004,54,,-3.124999999999767,3125
306,yes,4.363000000012107,-0.047000000000000035,48,,-3.124999999999767,3125
307,yes,4.14699999964796,-0.04300000000000003,44,,-3.124999999999767,3125
308,yes,4.239999999299471,-0.04300000000000003,44,,-3.124999999999767,3125
309,yes,4.477000000406406,-0.05300000000000004,54,,-3.124999999999767,3125
310,yes,4.057000000102562,-0.04300000000000003,44,,-3.124999999999767,3125
311,yes,4.595000000335858,-0.04900000000000004,50,,-3.124999999999767,3125
312,yes,5.414000000200758,-0.05500000000000004,56,,-3.124999999999767,3125
313,yes,4.449000000022352,-0.05100000000000004,52,,-3.124999999999767,3125
314,yes,4.912000000331318,-0.04500000000000003,46,,-3.124999999999767,3125
315,yes,5.454999999528809,-0.05100000000000004,52,,-3.124999999999767,3125
316,yes,4.302000000279804,-0.047000000000000035,48,,-3.124999999999767,3125
317,yes,4.114999999728752,-0.04300000000000003,44,,-3.124999999999767,3125
318,yes,4.629999999451684,-0.04900000000000004,50,,-3.124999999999767,3125
319,yes,3.8100000001577428,-0.05100000000000004,52,,-3.124999999999767,3125
320,yes,4.0740000004007015,-0.05100000000000004,52,,-3.124999999999767,3125
321,yes,4.851999999118561,-0.059000000000000045,60,,-3.124999999999767,3125
322,yes,3.643000000010943,-0.047000000000000035,48,,-3.124999999999767,3125
323,yes,4.039000000375381,-0.05300000000000004,54,,-3.124999999999767,3125
324,yes,4.2400000002089655,-0.04900000000000004,50,,-3.124999999999767,3125
325,yes,4.500000000007276,-0.059000000000000045,60,,-3.124999999999767,3125
326,yes,3.6770000006072223,-0.04500000000000003,46,,-3.124999999999767,3125
327,yes,4.2090000006282935,-0.05300000000000004,54,,-3.124999999999767,3125
328,yes,4.504000000451924,-0.059000000000000045,60,,-3.124999999999767,3125
329,yes,3.6029999992024386,-0.04300000000000003,44,,-3.124999999999767,3125
330,yes,4.21100000039587,-0.05100000000000004,52,,-3.124999999999767,3125
331,yes,5.997000000206754,-0.06300000000000004,64,,-3.124999999999767,3125
332,yes,4.036000000269269,-0.04500000000000003,46,,-3.124999999999767,3125
333,yes,4.802999999810709,-0.057000000000000044,58,,-3.124999999999767,3125
334,yes,4.566000000522763,-0.05100000000000004,52,,-3.124999999999767,3125
335,yes,5.229000000326778,-0.04500000000000003,46,,-3.124999999999767,3125
336,yes,5.610000000160653,-0.06100000000000005,62,yes,-0.03900000000000003,40
337,yes,3.862999999910244,-0.03900000000000003,40,,-3.124999999999767,3125
338,yes,4.399000000375963,-0.04500000000000003,46,,-3.124999999999767,3125
339,yes,4.830999999285268,-0.04900000000000004,50,,-3.124999999999767,3125
340,yes,4.2620000003807945,-0.04300000000000003,44,yes,-0.03900000000000003,40
341,yes,3.881000000546919,-0.03900000000000003,40,,-3.124999999999767,3125
342,yes,4.5860000000175205,-0.04500000000000003,46,,-3.124999999999767,3125
343,yes,5.551000000195927,-0.04900000000000004,50,,-3.124999999999767,3125
344,yes,3.9919999999256106,-0.04100000000000003,42,,-3.124999999999767,3125
345,yes,4.715000000032887,-0.04900000000000004,50,,-3.124999999999767,3125
346,yes,4.87399999929039,-0.05500000000000004,56,,-3.124999999999767,3125
347,yes,4.222999999910826,-0.04300000000000003,44,,-3.124999999999767,3125
348,yes,4.407999999784806,-0.05500000000000004,56,,-3.124999999999767,3125
349,yes,4.102999999304302,-0.04500000000000003,46,,-3.124999999999767,3125
350,yes,3.928999999516236,-0.04300000000000003,44,,-3.124999999999767,3125
351,yes,4.7960000001694425,-0.05300000000000004,54,,-3.124999999999767,3125
352,yes,3.885000000082073,-0.04100000000000003,42,,-3.124999999999767,3125
353,yes,6.041999999979453,-0.04300000000000003,44,,-3.124999999999767,3125
354,yes,4.860000000007858,-0.04500000000000003,46,,-3.124999999999767,3125
355,yes,4.649999999855936,-0.06500000000000004,66,,-3.124999999999767,3125
356,yes,3.5129999996570405,-0.04500000000000003,46,,-3.124999999999767,3125
357,yes,3.531999999722757,-0.04300000000000003,44,,-3.124999999999767,3125
358,yes,3.5120000002279994,-0.04300000000000003,44,,-3.124999999999767,3125
359,yes,3.66799999937939,-0.04500000000000003,46,,-3.124999999999767,3125
360,yes,3.584000000046217,-0.04300000000000003,44,,-3.124999999999767,3125
361,yes,3.8269999995463877,-0.04500000000000003,46,,-3.124999999999767,3125
362,yes,3.6110000000917353,-0.04300000000000003,44,,-3.124999999999767,3125
363,yes,3.7069999998493586,-0.04500000000000003,46,,-3.124999999999767,3125
364,yes,4.51599999996688,-0.04300000000000003,44,,-3.124999999999767,3125
365,yes,3.582999999707681,-0.04100000000000003,42,,-3.124999999999767,3125
366,yes,4.157999999733875,-0.047000000000000035,48,,-3.124999999999767,3125
367,yes,4.076000000168278,-0.04300000000000003,44,,-3.124999999999767,3125
368,yes,4.863000000113971,-0.04100000000000003,42,,-3.124999999999767,3125
369,yes,4.03699999969831,-0.04300000000000003,44,,-3.124999999999767,3125
370,yes,4.261000000042259,-0.04500000000000003,46,,-3.124999999999767,3125
371,yes,4.115000000638247,-0.04300000000000003,44,,-3.124999999999767,3125
372,yes,4.23399999999674,-0.04300000000000003,44,,-3.124999999999767,3125
373,yes,6.186999999954423,-0.04500000000000003,46,yes,-0.03900000000000003,40
374,yes,4.413999999997031,-0.03900000000000003,40,yes,-0.03900000000000003,40
375,yes,3.958000000238826,-0.03900000000000003,40,,-3.124999999999767,3125
376,yes,4.340000000411237,-0.04300000000000003,44,yes,-0.03900000000000003,40
377,yes,3.9189999997688574,-0.03900000000000003,40,,-3.124999999999767,3125
378,yes,4.471999999623222,-0.04500000000000003,46,yes,-0.03900000000000003,40
379,yes,3.9459999998143758,-0.03900000000000003,40,,-3.124999999999767,3125
380,yes,4.6070000007603085,-0.047000000000000035,48,yes,-0.03900000000000003,40
381,yes,4.109999999855063,-0.03900000000000003,40,,-3.124999999999767,3125
382,yes,4.403000000820612,-0.04500000000000003,46,yes,-0.03900000000000003,40
383,yes,4.243999999744119,-0.03900000000000003,40,,-3.124999999999767,3125
384,yes,4.421999999976833,-0.04500000000000003,46,,-3.124999999999767,3125
385,yes,4.211999999824911,-0.04100000000000003,42,,-3.124999999999767,3125
386,yes,5.361000000448257,-0.04900000000000004,50,,-3.124999999999767,3125
387,yes,4.12999999934982,-0.04500000000000003,46,,-3.124999999999767,3125
388,yes,3.9239999996425468,-0.04100000000000003,42,,-3.124999999999767,3125
389,yes,4.393999999592779,-0.04100000000000003,42,,-3.124999999999767,3125
390,yes,4.101999999875261,-0.04100000000000003,42,,-3.124999999999767,3125
391,yes,4.952000000230328,-0.04100000000000003,42,,-3.124999999999767,3125
392,yes,4.098000000340107,-0.05100000000000004,52,,-3.124999999999767,3125
393,yes,3.4679999998843414,-0.04100000000000003,42,,-3.124999999999767,3125
394,yes,3.483000000414904,-0.04100000000000003,42,,-3.124999999999767,3125
395,yes,3.588000000490865,-0.04100000000000003,42,,-3.124999999999767,3125
396,yes,3.7609999999403954,-0.04100000000000003,42,,-3.124999999999767,3125
397,yes,3.8640000002487795,-0.04100000000000003,42,,-3.124999999999767,3125
398,yes,3.875000000334694,-0.04100000000000003,42,,-3.124999999999767,3125
399,yes,3.9230000002135057,-0.04100000000000003,42,,-3.124999999999767,3125
400,yes,3.942999999708263,-0.04100000000000003,42,,-3.124999999999767,3125
401,yes,3.988000000390457,-0.04100000000000003,42,,-3.124999999999767,3125
402,yes,4.025999999612395,-0.04100000000000003,42,,-3.124999999999767,3125
403,yes,4.340999999840278,-0.04500000000000003,46,,-3.124999999999767,3125
404,yes,4.69500000053813,-0.06700000000000005,68,yes,-0.04100000000000003,42
405,yes,3.216999999494874,-0.04100000000000003,42,,-3.124999999999767,3125
406,yes,3.341000000546046,-0.04300000000000003,44,,-3.124999999999767,3125
407,yes,3.70900000052643,-0.04900000000000004,50,yes,-0.04100000000000003,42
408,yes,3.224000000045635,-0.04100000000000003,42,,-3.124999999999767,3125
409,yes,3.79499999962718,-0.04900000000000004,50,yes,-0.04100000000000003,42
410,yes,3.2940000000962755,-0.04100000000000003,42,,-3.124999999999767,3125
411,yes,4.053000000567408,-0.05300000000000004,54,yes,-0.04100000000000003,42
412,yes,3.43200000042998,-0.04100000000000003,42,yes,-0.04100000000000003,42
413,yes,3.7029999994047103,-0.04100000000000003,42,,-3.124999999999767,3125
414,yes,4.973000000063621,-0.05500000000000004,56,yes,-0.04100000000000003,42
415,yes,3.4880000002885936,-0.04100000000000003,42,yes,-0.04100000000000003,42
416,yes,4.513999999289808,-0.04100000000000003,42,,-3.124999999999767,3125
417,yes,4.327000000557746,-0.05100000000000004,52,yes,-0.04100000000000003,42
418,yes,3.9100000003600144,-0.04100000000000003,42,,-3.124999999999767,3125
419,yes,4.557999999633466,-0.05300000000000004,54,yes,-0.04100000000000003,42
420,yes,4.011999999420368,-0.04100000000000003,42,yes,-0.04100000000000003,42
421,yes,4.807999999684398,-0.04100000000000003,42,,-3.124999999999767,3125
422,yes,4.609999999956926,-0.047000000000000035,48,,-3.124999999999767,3125
423,yes,4.426999999850523,-0.04900000000000004,50,yes,-0.03900000000000003,40
424,yes,3.9399999996021506,-0.03900000000000003,40,yes,-0.03900000000000003,40
425,yes,3.9569999999002903,-0.03900000000000003,40,yes,-0.03900000000000003,40
426,yes,4.883999999947264,-0.03900000000000003,40,yes,-0.03900000000000003,40
427,yes,3.9579999993293313,-0.03900000000000003,40,yes,-0.03900000000000003,40
428,yes,4.813999999896623,-0.03900000000000003,40,yes,-0.03900000000000003,40
429,yes,4.01400000009744,-0.03900000000000003,40,yes,-0.03900000000000003,40
430,yes,3.936000000066997,-0.03900000000000003,40,yes,-0.03900000000000003,40
431,yes,5.565999999816995,-0.03900000000000003,40,yes,-0.03900000000000003,40
432,yes,4.759999999805586,-0.03900000000000003,40,yes,-0.03900000000000003,40
433,yes,3.935000000637956,-0.03900000000000003,40,yes,-0.03900000000000003,40
434,yes,3.943000000617758,-0.03900000000000003,40,yes,-0.03900000000000003,40
435,yes,4.882999999608728,-0.03900000000000003,40,yes,-0.03900000000000003,40
436,yes,3.9550000001327135,-0.03900000000000003,40,yes,-0.03900000000000003,40
437,yes,3.9400000005116453,-0.03900000000000003,40,yes,-0.03900000000000003,40
438,yes,3.936000000066997,-0.03900000000000003,40,yes,-0.03900000000000003,40
439,yes,3.9990000004763715,-0.03900000000000003,40,yes,-0.03900000000000003,40
440,yes,3.9569999999002903,-0.03900000000000003,40,yes,-0.03900000000000003,40
441,yes,3.9459999998143758,-0.03900000000000003,40,yes,-0.03900000000000003,40
442,yes,3.958000000238826,-0.03900000000000003,40,yes,-0.03900000000000003,40
443,yes,3.964000000451051,-0.03900000000000003,40,yes,-0.03900000000000003,40
444,yes,4.898000000139291,-0.03900000000000003,40,yes,-0.03900000000000003,40
445,yes,3.952000000026601,-0.03900000000000003,40,yes,-0.03900000000000003,40
446,yes,3.9459999998143758,-0.03900000000000003,40,yes,-0.03900000000000003,40
447,yes,4.462999999304884,-0.03900000000000003,40,yes,-0.03900000000000003,40
448,yes,4.912999999760359,-0.03900000000000003,40,yes,-0.03900000000000003,40
449,yes,3.937999999834574,-0.03900000000000003,40,yes,-0.03900000000000003,40
450,yes,3.935000000637956,-0.03900000000000003,40,yes,-0.03900000000000003,40
451,yes,5.582000000686094,-0.03900000000000003,40,yes,-0.03900000000000003,40
452,yes,4.79300000006333,-0.03900000000000003,40,yes,-0.03900000000000003,40
453,yes,4.084999999577121,-0.03900000000000003,40,yes,-0.03900000000000003,40
454,yes,3.9619999997739797,-0.03900000000000003,40,yes,-0.03900000000000003,40
455,yes,3.9699999997537816,-0.03900000000000003,40,yes,-0.03900000000000003,40
456,yes,3.988000000390457,-0.03900000000000003,40,yes,-0.03900000000000003,40
457,yes,3.9300000007642666,-0.03900000000000003,40,yes,-0.03900000000000003,40
458,yes,3.9539999997941777,-0.03900000000000003,40,yes,-0.03900000000000003,40
459,yes,3.974999999627471,-0.03900000000000003,40,yes,-0.03900000000000003,40
460,yes,4.882000000179687,-0.03900000000000003,40,yes,-0.03900000000000003,40
461,yes,3.928000000087195,-0.03900000000000003,40,yes,-0.03900000000000003,40
462,yes,3.920000000107393,-0.03900000000000003,40,yes,-0.03900000000000003,40
463,yes,4.474999999729334,-0.03900000000000003,40,yes,-0.03900000000000003,40
464,yes,4.8569999999017455,-0.03900000000000003,40,yes,-0.03900000000000003,40
465,yes,3.9560000004712492,-0.03900000000000003,40,yes,-0.03900000000000003,40
466,yes,3.929999999854772,-0.03900000000000003,40,yes,-0.03900000000000003,40
467,yes,5.595999999968626,-0.03900000000000003,40,yes,-0.03900000000000003,40
468,yes,4.687999999987369,-0.03900000000000003,40,yes,-0.03900000000000003,40
469,yes,3.943000000617758,-0.03900000000000003,40,yes,-0.03900000000000003,40
470,yes,3.9320000005318434,-0.03900000000000003,40,yes,-0.03900000000000003,40
471,yes,3.982000000178232,-0.03900000000000003,40,yes,-0.03900000000000003,40
472,yes,3.9390000001731096,-0.03900000000000003,40,yes,-0.03900000000000003,40
473,yes,3.936000000066997,-0.03900000000000003,40,yes,-0.03900000000000003,40
474,yes,3.952000000026601,-0.03900000000000003,40,yes,-0.03900000000000003,40
475,yes,3.9700000006632763,-0.03900000000000003,40,yes,-0.03900000000000003,40
476,yes,4.872999999861349,-0.03900000000000003,40,yes,-0.03900000000000003,40
477,yes,3.9459999998143758,-0.03900000000000003,40,yes,-0.03900000000000003,40
478,yes,3.9390000001731096,-0.03900000000000003,40,yes,-0.03900000000000003,40
479,yes,4.437999999936437,-0.03900000000000003,40,yes,-0.03900000000000003,40
480,yes,4.735999999866181,-0.03900000000000003,40,yes,-0.03900000000000003,40
481,yes,4.073999999491207,-0.03900000000000003,40,yes,-0.03900000000000003,40
482,yes,3.942999999708263,-0.03900000000000003,40,yes,-0.03900000000000003,40
483,yes,5.575000000135333,-0.03900000000000003,40,yes,-0.03900000000000003,40
484,yes,4.72399999944173,-0.03900000000000003,40,yes,-0.03900000000000003,40
485,yes,3.9690000003247405,-0.03900000000000003,40,yes,-0.03900000000000003,40
486,yes,3.9370000004055328,-0.03900000000000003,40,yes,-0.03900000000000003,40
487,yes,4.253000000062457,-0.03900000000000003,40,yes,-0.03900000000000003,40
488,yes,3.927000000658154,-0.03900000000000003,40,yes,-0.03900000000000003,40
489,yes,3.9150000002337038,-0.03900000000000003,40,yes,-0.03900000000000003,40
490,yes,3.9480000004914473,-0.03900000000000003,40,yes,-0.03900000000000003,40
491,yes,3.960999999435444,-0.03900000000000003,40,yes,-0.03900000000000003,40
492,yes,4.1040000005523325,-0.03900000000000003,40,yes,-0.03900000000000003,40
493,yes,3.9310000001933076,-0.03900000000000003,40,yes,-0.03900000000000003,40
494,yes,3.944000000046799,-0.03900000000000003,40,yes,-0.03900000000000003,40
495,yes,4.745999999613559,-0.03900000000000003,40,yes,-0.03900000000000003,40
496,yes,3.929999999854772,-0.03900000000000003,40,yes,-0.03900000000000003,40
497,yes,4.000000000814907,-0.03900000000000003,40,yes,-0.03900000000000003,40
498,yes,3.9569999999002903,-0.03900000000000003,40,yes,-0.03900000000000003,40
499,yes,6.042999999408494,-0.03900000000000003,40,yes,-0.03900000000000003,40
500,yes,4.485000000386208,-0.03900000000000003,40,yes,-0.03900000000000003,40
501,yes,3.915999999662745,-0.03900000000000003,40,yes,-0.03900000000000003,40
502,yes,3.92199999987497,-0.03900000000000003,40,yes,-0.03900000000000003,40
503,yes,3.9710000000923174,-0.03900000000000003,40,yes,-0.03900000000000003,40
504,yes,3.9459999998143758,-0.03900000000000003,40,yes,-0.03900000000000003,40
505,yes,3.9780000006430782,-0.03900000000000003,40,yes,-0.03900000000000003,40
506,yes,3.9310000001933076,-0.03900000000000003,40,yes,-0.03900000000000003,40
507,yes,3.9759999999660067,-0.03900000000000003,40,yes,-0.03900000000000003,40
508,yes,4.811999999219552,-0.03900000000000003,40,yes,-0.03900000000000003,40
509,yes,3.928000000087195,-0.03900000000000003,40,yes,-0.03900000000000003,40
510,yes,3.942999999708263,-0.03900000000000003,40,yes,-0.03900000000000003,40
511,yes,3.980999999839696,-0.03900000000000003,40,yes,-0.03900000000000003,40
512,yes,4.684999999881256,-0.03900000000000003,40,yes,-0.03900000000000003,40
513,yes,3.9259999994101236,-0.03900000000000003,40,yes,-0.03900000000000003,40
514,yes,4.033000000163156,-0.03900000000000003,40,yes,-0.03900000000000003,40
515,yes,5.73900000017602,-0.03900000000000003,40,yes,-0.03900000000000003,40
516,yes,4.377000000204134,-0.03900000000000003,40,yes,-0.03900000000000003,40
517,yes,3.938999999263615,-0.03900000000000003,40,yes,-0.03900000000000003,40
518,yes,3.9399999996021506,-0.03900000000000003,40,yes,-0.03900000000000003,40
519,yes,3.9670000005571637,-0.03900000000000003,40,yes,-0.03900000000000003,40
520,yes,3.9910000004965696,-0.03900000000000003,40,yes,-0.03900000000000003,40
521,yes,3.9470000001529115,-0.03900000000000003,40,yes,-0.03900000000000003,40
522,yes,3.9349999997284613,-0.03900000000000003,40,yes,-0.03900000000000003,40
523,yes,3.9759999999660067,-0.03900000000000003,40,yes,-0.03900000000000003,40
524,yes,4.729000000224914,-0.03900000000000003,40,yes,-0.03900000000000003,40
525,yes,3.937999999834574,-0.03900000000000003,40,yes,-0.03900000000000003,40
526,yes,3.921000000445929,-0.03900000000000003,40,yes,-0.03900000000000003,40
527,yes,5.377999999836902,-0.03900000000000003,40,yes,-0.03900000000000003,40
528,yes,4.742000000078406,-0.03900000000000003,40,yes,-0.03900000000000003,40
529,yes,3.9630000001125154,-0.03900000000000003,40,yes,-0.03900000000000003,40
530,yes,3.92199999987497,-0.03900000000000003,40,yes,-0.03900000000000003,40
531,yes,4.020999999738706,-0.03900000000000003,40,yes,-0.03900000000000003,40
532,yes,3.9970000007087947,-0.03900000000000003,40,yes,-0.03900000000000003,40
533,yes,4.0520000002288725,-0.03900000000000003,40,yes,-0.03900000000000003,40
534,yes,3.943000000617758,-0.03900000000000003,40,yes,-0.03900000000000003,40
535,yes,5.710999999791966,-0.03900000000000003,40,yes,-0.03900000000000003,40
536,yes,3.952000000026601,-0.03900000000000003,40,yes,-0.03900000000000003,40
537,yes,3.9470000001529115,-0.03900000000000003,40,yes,-0.03900000000000003,40
538,yes,3.929999999854772,-0.03900000000000003,40,yes,-0.03900000000000003,40
539,yes,3.988000000390457,-0.03900000000000003,40,yes,-0.03900000000000003,40
540,yes,4.77000000046246,-0.03900000000000003,40,yes,-0.03900000000000003,40
541,yes,3.9630000001125154,-0.03900000000000003,40,yes,-0.03900000000000003,40
542,yes,3.9530000003651367,-0.03900000000000003,40,yes,-0.03900000000000003,40
543,yes,4.748000000290631,-0.03900000000000003,40,yes,-0.03900000000000003,40
544,yes,3.9530000003651367,-0.03900000000000003,40,yes,-0.03900000000000003,40
545,yes,3.928000000087195,-0.03900000000000003,40,yes,-0.03900000000000003,40
546,yes,3.928000000087195,-0.03900000000000003,40,yes,-0.03900000000000003,40
547,yes,4.004000000350061,-0.03900000000000003,40,yes,-0.03900000000000003,40
548,yes,4.027000000860426,-0.03900000000000003,40,yes,-0.03900000000000003,40
549,yes,4.034999999930733,-0.03900000000000003,40,yes,-0.03900000000000003,40
550,yes,3.938999999263615,-0.03900000000000003,40,yes,-0.03900000000000003,40
551,yes,6.105999999817868,-0.03900000000000003,40,yes,-0.03900000000000003,40
552,yes,3.9919999999256106,-0.03900000000000003,40,yes,-0.03900000000000003,40
553,yes,3.9409999999406864,-0.03900000000000003,40,yes,-0.03900000000000003,40
554,yes,3.929999999854772,-0.03900000000000003,40,yes,-0.03900000000000003,40
555,yes,3.9969999997993,-0.03900000000000003,40,yes,-0.03900000000000003,40
556,yes,4.732000000331027,-0.03900000000000003,40,yes,-0.03900000000000003,40
557,yes,3.9349999997284613,-0.03900000000000003,40,yes,-0.03900000000000003,40
558,yes,3.912000000127591,-0.03900000000000003,40,yes,-0.03900000000000003,40
559,yes,4.731999999421532,-0.03900000000000003,40,yes,-0.03900000000000003,40
560,yes,3.9499999993495294,-0.03900000000000003,40,yes,-0.03900000000000003,40
561,yes,3.9319999996223487,-0.03900000000000003,40,yes,-0.03900000000000003,40
562,yes,3.9859999997133855,-0.03900000000000003,40,yes,-0.03900000000000003,40
563,yes,4.069999999956053,-0.03900000000000003,40,yes,-0.03900000000000003,40
564,yes,4.007000000456173,-0.03900000000000003,40,yes,-0.03900000000000003,40
565,yes,4.023000000415777,-0.03900000000000003,40,yes,-0.03900000000000003,40
566,yes,3.9170000000012806,-0.03900000000000003,40,yes,-0.03900000000000003,40
567,yes,4.014999999526481,-0.03900000000000003,40,yes,-0.03900000000000003,40
568,yes,4.034000000501692,-0.03900000000000003,40,yes,-0.03900000000000003,40
569,yes,3.998999999566877,-0.03900000000000003,40,yes,-0.03900000000000003,40
570,yes,4.007000000456173,-0.03900000000000003,40,yes,-0.03900000000000003,40
571,yes,4.133000000365428,-0.03900000000000003,40,yes,-0.03900000000000003,40
572,yes,4.069000000527012,-0.03900000000000003,40,yes,-0.03900000000000003,40
573,yes,4.03699999969831,-0.03900000000000003,40,yes,-0.03900000000000003,40
574,yes,3.958000000238826,-0.03900000000000003,40,yes,-0.03900000000000003,40
575,yes,4.68300000011368,-0.03900000000000003,40,yes,-0.03900000000000003,40
576,yes,5.051000000094064,-0.03900000000000003,40,yes,-0.03900000000000003,40
577,yes,3.937999999834574,-0.03900000000000003,40,yes,-0.03900000000000003,40
578,yes,3.9459999998143758,-0.03900000000000003,40,yes,-0.03900000000000003,40
579,yes,3.9870000000519212,-0.03900000000000003,40,yes,-0.03900000000000003,40
580,yes,3.9399999996021506,-0.03900000000000003,40,yes,-0.03900000000000003,40
581,yes,3.946999999243417,-0.03900000000000003,40,yes,-0.03900000000000003,40
582,yes,5.650000000059663,-0.03900000000000003,40,yes,-0.03900000000000003,40
583,yes,3.9969999997993,-0.03900000000000003,40,yes,-0.03900000000000003,40
584,yes,3.9409999999406864,-0.03900000000000003,40,yes,-0.03900000000000003,40
585,yes,5.731999999625259,-0.03900000000000003,40,yes,-0.03900000000000003,40
586,yes,3.950999999688065,-0.03900000000000003,40,yes,-0.03900000000000003,40
587,yes,3.9479999995819526,-0.03900000000000003,40,yes,-0.03900000000000003,40
588,yes,5.062999999609019,-0.03900000000000003,40,yes,-0.03900000000000003,40
589,yes,3.9630000001125154,-0.03900000000000003,40,yes,-0.03900000000000003,40
590,yes,3.9460000007238705,-0.03900000000000003,40,yes,-0.03900000000000003,40
591,yes,5.132000000230619,-0.03900000000000003,40,yes,-0.03900000000000003,40
592,yes,4.956000000674976,-0.03900000000000003,40,yes,-0.03900000000000003,40
593,yes,4.034000000501692,-0.03900000000000003,40,yes,-0.03900000000000003,40
594,yes,4.730999999992491,-0.03900000000000003,40,yes,-0.03900000000000003,40
595,yes,4.092000000127882,-0.03900000000000003,40,yes,-0.03900000000000003,40
596,yes,3.9489999999204883,-0.03900000000000003,40,yes,-0.03900000000000003,40
597,yes,4.132000000026892,-0.03900000000000003,40,yes,-0.03900000000000003,40
598,yes,5.231999999523396,-0.03900000000000003,40,yes,-0.03900000000000003,40
599,yes,3.97400000019843,-0.03900000000000003,40,yes,-0.03900000000000003,40
600,yes,3.9859999997133855,-0.03900000000000003,40,yes,-0.03900000000000003,40
601,yes,5.164999999578868,-0.03900000000000003,40,yes,-0.03900000000000003,40
602,yes,3.9719999995213584,-0.03900000000000003,40,yes,-0.03900000000000003,40
603,yes,3.964000000451051,-0.03900000000000003,40,yes,-0.03900000000000003,40
604,yes,5.581000000347558,-0.03900000000000003,40,yes,-0.03900000000000003,40
605,yes,4.1049999999813735,-0.03900000000000003,40,yes,-0.03900000000000003,40
606,yes,3.965000000789587,-0.03900000000000003,40,yes,-0.03900000000000003,40
607,yes,5.585999999311753,-0.03900000000000003,40,yes,-0.03900000000000003,40
608,yes,5.0280000004931935,-0.03900000000000003,40,yes,-0.03900000000000003,40
609,yes,3.982000000178232,-0.03900000000000003,40,yes,-0.03900000000000003,40
610,yes,4.759000000376545,-0.03900000000000003,40,yes,-0.03900000000000003,40
611,yes,3.9779999997335835,-0.03900000000000003,40,yes,-0.03900000000000003,40
612,yes,4.022000000077242,-0.03900000000000003,40,yes,-0.03900000000000003,40
613,yes,4.106000000319909,-0.03900000000000003,40,yes,-0.03900000000000003,40
614,yes,5.129999999553547,-0.03900000000000003,40,yes,-0.03900000000000003,40
615,yes,4.057000000102562,-0.03900000000000003,40,yes,-0.03900000000000003,40
616,yes,3.9870000000519212,-0.03900000000000003,40,yes,-0.03900000000000003,40
617,yes,4.03199999982462,-0.03900000000000003,40,yes,-0.03900000000000003,40
618,yes,4.018999999971129,-0.03900000000000003,40,yes,-0.03900000000000003,40
619,yes,4.015999999865016,-0.03900000000000003,40,yes,-0.03900000000000003,40
620,yes,5.588999999417865,-0.03900000000000003,40,yes,-0.03900000000000003,40
621,yes,4.025999999612395,-0.03900000000000003,40,yes,-0.03900000000000003,40
622,yes,4.022000000077242,-0.03900000000000003,40,yes,-0.03900000000000003,40
623,yes,6.159999999908905,-0.03900000000000003,40,yes,-0.03900000000000003,40
624,yes,4.035999999359774,-0.03900000000000003,40,yes,-0.03900000000000003,40
625,yes,3.9530000003651367,-0.03900000000000003,40,yes,-0.03900000000000003,40
626,yes,3.9630000001125154,-0.03900000000000003,40,yes,-0.03900000000000003,40
627,yes,5.098000000543834,-0.03900000000000003,40,yes,-0.03900000000000003,40
628,yes,3.9759999999660067,-0.03900000000000003,40,yes,-0.03900000000000003,40
629,yes,4.0079999998852145,-0.03900000000000003,40,yes,-0.03900000000000003,40
630,yes,5.131999999321124,-0.03900000000000003,40,yes,-0.03900000000000003,40
631,yes,4.484999999476713,-0.03900000000000003,40,yes,-0.03900000000000003,40
632,yes,3.974999999627471,-0.03900000000000003,40,yes,-0.03900000000000003,40
633,yes,4.103000000213797,-0.03900000000000003,40,yes,-0.03900000000000003,40
634,yes,4.075000000739237,-0.03900000000000003,40,yes,-0.03900000000000003,40
635,yes,3.994000000602682,-0.03900000000000003,40,yes,-0.03900000000000003,40
636,yes,6.525000000692671,-0.03900000000000003,40,yes,-0.03900000000000003,40
637,yes,4.264000000148371,-0.03900000000000003,40,yes,-0.03900000000000003,40
638,yes,3.9700000006632763,-0.03900000000000003,40,yes,-0.03900000000000003,40
639,yes,6.147999999484455,-0.03900000000000003,40,yes,-0.03900000000000003,40
640,yes,3.9770000003045425,-0.03900000000000003,40,yes,-0.03900000000000003,40
641,yes,3.9790000000721193,-0.03900000000000003,40,yes,-0.03900000000000003,40
642,yes,5.090999999993073,-0.03900000000000003,40,yes,-0.03900000000000003,40
643,yes,4.985999999917112,-0.03900000000000003,40,yes,-0.03900000000000003,40
644,yes,4.049999999551801,-0.03900000000000003,40,yes,-0.03900000000000003,40
645,yes,4.025999999612395,-0.03900000000000003,40,yes,-0.03900000000000003,40
646,yes,4.006999999546679,-0.03900000000000003,40,yes,-0.03900000000000003,40
647,yes,4.012999999758904,-0.03900000000000003,40,yes,-0.03900000000000003,40
648,yes,4.023999999844818,-0.03900000000000003,40,yes,-0.03900000000000003,40
649,yes,5.458999999973457,-0.03900000000000003,40,yes,-0.03900000000000003,40
650,yes,3.9790000000721193,-0.03900000000000003,40,yes,-0.03900000000000003,40
651,yes,3.9710000000923174,-0.03900000000000003,40,yes,-0.03900000000000003,40
652,yes,5.132000000230619,-0.03900000000000003,40,yes,-0.03900000000000003,40
653,yes,4.127000000153203,-0.03900000000000003,40,yes,-0.03900000000000003,40
654,yes,3.9780000006430782,-0.03900000000000003,40,yes,-0.03900000000000003,40
655,yes,3.966000000218628,-0.03900000000000003,40,yes,-0.03900000000000003,40
656,yes,5.132000000230619,-0.03900000000000003,40,yes,-0.03900000000000003,40
657,yes,3.9790000000721193,-0.03900000000000003,40,yes,-0.03900000000000003,40
658,yes,3.9919999999256106,-0.03900000000000003,40,yes,-0.03900000000000003,40
659,yes,4.94299999991199,-0.03900000000000003,40,yes,-0.03900000000000003,40
660,yes,3.9920000008351053,-0.03900000000000003,40,yes,-0.03900000000000003,40
661,yes,3.95100000059756,-0.03900000000000003,40,yes,-0.03900000000000003,40
662,yes,5.05799999973533,-0.03900000000000003,40,yes,-0.03900000000000003,40
663,yes,4.1790000004766625,-0.03900000000000003,40,yes,-0.03900000000000003,40
664,yes,3.988999999819498,-0.03900000000000003,40,yes,-0.03900000000000003,40
665,yes,5.2029999997103005,-0.03900000000000003,40,yes,-0.03900000000000003,40
666,yes,4.025999999612395,-0.03900000000000003,40,yes,-0.03900000000000003,40
667,yes,4.007000000456173,-0.03900000000000003,40,yes,-0.03900000000000003,40
668,yes,4.461999999875843,-0.03900000000000003,40,yes,-0.03900000000000003,40
669,yes,4.057000000102562,-0.03900000000000003,40,yes,-0.03900000000000003,40
670,yes,4.0520000002288725,-0.03900000000000003,40,yes,-0.03900000000000003,40
671,yes,3.9850000002843444,-0.03900000000000003,40,yes,-0.03900000000000003,40
672,yes,3.9999999999054126,-0.03900000000000003,40,yes,-0.03900000000000003,40
673,yes,3.988999999819498,-0.03900000000000003,40,yes,-0.03900000000000003,40
674,yes,4.077000000506814,-0.03900000000000003,40,yes,-0.03900000000000003,40
675,yes,4.778999999871303,-0.03900000000000003,40,yes,-0.03900000000000003,40
676,yes,3.9639999995415565,-0.03900000000000003,40,yes,-0.03900000000000003,40
677,yes,6.467000000156986,-0.03900000000000003,40,yes,-0.03900000000000003,40
678,yes,4.975999999260239,-0.03900000000000003,40,yes,-0.03900000000000003,40
679,yes,3.958000000238826,-0.03900000000000003,40,yes,-0.03900000000000003,40
680,yes,5.098999999972875,-0.03900000000000003,40,yes,-0.03900000000000003,40
681,yes,4.046000000016647,-0.03900000000000003,40,yes,-0.03900000000000003,40
682,yes,3.9700000006632763,-0.03900000000000003,40,yes,-0.03900000000000003,40
683,yes,3.9579999993293313,-0.03900000000000003,40,yes,-0.03900000000000003,40
684,yes,3.9849999993748497,-0.03900000000000003,40,yes,-0.03900000000000003,40
685,yes,4.017000000203552,-0.03900000000000003,40,yes,-0.03900000000000003,40
686,yes,3.9790000000721193,-0.03900000000000003,40,yes,-0.03900000000000003,40
687,yes,5.012999999962631,-0.03900000000000003,40,yes,-0.03900000000000003,40
688,yes,4.030999999486085,-0.03900000000000003,40,yes,-0.03900000000000003,40
689,yes,3.966999999647669,-0.03900000000000003,40,yes,-0.03900000000000003,40
690,yes,6.41399999949499,-0.03900000000000003,40,yes,-0.03900000000000003,40
691,yes,4.097000000001572,-0.03900000000000003,40,yes,-0.03900000000000003,40
692,yes,4.272000000128173,-0.03900000000000003,40,yes,-0.03900000000000003,40
693,yes,5.045000000791333,-0.03900000000000003,40,yes,-0.03900000000000003,40
694,yes,4.713999999694352,-0.03900000000000003,40,yes,-0.03900000000000003,40
695,yes,3.9799999995011603,-0.03900000000000003,40,yes,-0.03900000000000003,40
696,yes,4.859000000578817,-0.03900000000000003,40,yes,-0.03900000000000003,40
697,yes,3.9470000001529115,-0.03900000000000003,40,yes,-0.03900000000000003,40
698,yes,3.9639999995415565,-0.03900000000000003,40,yes,-0.03900000000000003,40
699,yes,4.109999999855063,-0.03900000000000003,40,yes,-0.03900000000000003,40
700,yes,3.998999999566877,-0.03900000000000003,40,yes,-0.03900000000000003,40
701,yes,3.9559999995617545,-0.03900000000000003,40,yes,-0.03900000000000003,40
702,yes,6.642999999712629,-0.03900000000000003,40,yes,-0.03900000000000003,40
703,yes,3.960000000006403,-0.03900000000000003,40,yes,-0.03900000000000003,40
704,yes,3.9840000008553034,-0.03900000000000003,40,yes,-0.03900000000000003,40
705,yes,5.124999999679858,-0.03900000000000003,40,yes,-0.03900000000000003,40
706,yes,4.051999999319378,-0.03900000000000003,40,yes,-0.03900000000000003,40
707,yes,4.073000000062166,-0.03900000000000003,40,yes,-0.03900000000000003,40
708,yes,5.956999999398249,-0.03900000000000003,40,yes,-0.03900000000000003,40
709,yes,5.103999999846565,-0.03900000000000003,40,yes,-0.03900000000000003,40
710,yes,4.0300000000570435,-0.03900000000000003,40,yes,-0.03900000000000003,40
711,yes,5.183999999644584,-0.03900000000000003,40,yes,-0.03900000000000003,40
712,yes,3.9569999999002903,-0.03900000000000003,40,yes,-0.03900000000000003,40
713,yes,4.001999999672989,-0.03900000000000003,40,yes,-0.03900000000000003,40
714,yes,3.952999999455642,-0.03900000000000003,40,yes,-0.03900000000000003,40
715,yes,4.348000000391039,-0.03900000000000003,40,yes,-0.03900000000000003,40
716,yes,4.01999999940017,-0.03900000000000003,40,yes,-0.03900000000000003,40
717,yes,3.9459999998143758,-0.03900000000000003,40,yes,-0.03900000000000003,40
718,yes,3.988000000390457,-0.03900000000000003,40,yes,-0.03900000000000003,40
719,yes,3.995000000031723,-0.03900000000000003,40,yes,-0.03900000000000003,40
720,yes,4.023999999844818,-0.03900000000000003,40,yes,-0.03900000000000003,40
721,yes,5.978000000141037,-0.03900000000000003,40,yes,-0.03900000000000003,40
722,yes,3.9999999999054126,-0.03900000000000003,40,yes,-0.03900000000000003,40
723,yes,4.020999999738706,-0.03900000000000003,40,yes,-0.03900000000000003,40
724,yes,5.96399999994901,-0.03900000000000003,40,yes,-0.03900000000000003,40
725,yes,3.9780000006430782,-0.03900000000000003,40,yes,-0.03900000000000003,40
726,yes,4.085999999915657,-0.03900000000000003,40,yes,-0.03900000000000003,40
727,yes,5.041999999775726,-0.03900000000000003,40,yes,-0.03900000000000003,40
728,yes,3.9480000004914473,-0.03900000000000003,40,yes,-0.03900000000000003,40
729,yes,3.9450000003853347,-0.03900000000000003,40,yes,-0.03900000000000003,40
730,yes,5.428000000392785,-0.03900000000000003,40,yes,-0.03900000000000003,40
731,yes,4.052999999657914,-0.03900000000000003,40,yes,-0.03900000000000003,40
732,yes,3.9639999995415565,-0.03900000000000003,40,yes,-0.03900000000000003,40
733,yes,5.084000000351807,-0.03900000000000003,40,yes,-0.03900000000000003,40
734,yes,4.917999999634048,-0.03900000000000003,40,yes,-0.03900000000000003,40
735,yes,3.990999999587075,-0.03900000000000003,40,yes,-0.03900000000000003,40
736,yes,3.9479999995819526,-0.03900000000000003,40,yes,-0.03900000000000003,40
737,yes,4.01400000009744,-0.03900000000000003,40,yes,-0.03900000000000003,40
738,yes,4.109999999855063,-0.03900000000000003,40,yes,-0.03900000000000003,40
739,yes,4.004999999779102,-0.03900000000000003,40,yes,-0.03900000000000003,40
740,yes,6.865000000289001,-0.03900000000000003,40,yes,-0.03900000000000003,40
741,yes,3.960000000006403,-0.03900000000000003,40,yes,-0.03900000000000003,40
742,yes,3.972999999859894,-0.03900000000000003,40,yes,-0.03900000000000003,40
743,yes,5.12799999978597,-0.03900000000000003,40,yes,-0.03900000000000003,40
744,yes,3.967999999986205,-0.03900000000000003,40,yes,-0.03900000000000003,40
745,yes,4.048999999213265,-0.03900000000000003,40,yes,-0.03900000000000003,40
746,yes,5.116000000271015,-0.03900000000000003,40,yes,-0.03900000000000003,40
747,yes,4.974999999831198,-0.03900000000000003,40,yes,-0.03900000000000003,40
748,yes,3.9930000002641464,-0.03900000000000003,40,yes,-0.03900000000000003,40
749,yes,3.97400000019843,-0.03900000000000003,40,yes,-0.03900000000000003,40
750,yes,4.085999999915657,-0.03900000000000003,40,yes,-0.03900000000000003,40
751,yes,3.980000000410655,-0.03900000000000003,40,yes,-0.03900000000000003,40
752,yes,4.111000000193599,-0.03900000000000003,40,yes,-0.03900000000000003,40
753,yes,4.100000000107684,-0.03900000000000003,40,yes,-0.03900000000000003,40
754,yes,3.998999999566877,-0.03900000000000003,40,yes,-0.03900000000000003,40
755,yes,4.257000000507105,-0.03900000000000003,40,yes,-0.03900000000000003,40
756,yes,5.062999999609019,-0.03900000000000003,40,yes,-0.03900000000000003,40
757,yes,4.00900000022375,-0.03900000000000003,40,yes,-0.03900000000000003,40
758,yes,5.020999999942433,-0.03900000000000003,40,yes,-0.03900000000000003,40
759,yes,4.1439999995418475,-0.03900000000000003,40,yes,-0.03900000000000003,40
760,yes,3.990000000158034,-0.03900000000000003,40,yes,-0.03900000000000003,40
761,yes,3.967999999986205,-0.03900000000000003,40,yes,-0.03900000000000003,40
762,yes,3.9839999999458087,-0.03900000000000003,40,yes,-0.03900000000000003,40
763,yes,4.035999999359774,-0.03900000000000003,40,yes,-0.03900000000000003,40
764,yes,3.9630000001125154,-0.03900000000000003,40,yes,-0.03900000000000003,40
765,yes,4.8260000003210735,-0.03900000000000003,40,yes,-0.03900000000000003,40
766,yes,3.9409999999406864,-0.03900000000000003,40,yes,-0.03900000000000003,40
767,yes,3.9569999999002903,-0.03900000000000003,40,yes,-0.03900000000000003,40
768,yes,5.795000000034634,-0.03900000000000003,40,yes,-0.03900000000000003,40
769,yes,3.960000000006403,-0.03900000000000003,40,yes,-0.03900000000000003,40
770,yes,4.010999999991327,-0.03900000000000003,40,yes,-0.03900000000000003,40
771,yes,4.885999999714841,-0.03900000000000003,40,yes,-0.03900000000000003,40
772,yes,4.730999999992491,-0.03900000000000003,40,yes,-0.03900000000000003,40
773,yes,3.966000000218628,-0.03900000000000003,40,yes,-0.03900000000000003,40
774,yes,3.9470000001529115,-0.03900000000000003,40,yes,-0.03900000000000003,40
775,yes,4.070999999385094,-0.03900000000000003,40,yes,-0.03900000000000003,40
776,yes,3.937999999834574,-0.03900000000000003,40,yes,-0.03900000000000003,40
777,yes,3.920999999536434,-0.03900000000000003,40,yes,-0.03900000000000003,40
778,yes,4.867000000558619,-0.03900000000000003,40,yes,-0.03900000000000003,40
779,yes,3.942000000279222,-0.03900000000000003,40,yes,-0.03900000000000003,40
780,yes,3.9409999999406864,-0.03900000000000003,40,yes,-0.03900000000000003,40
781,yes,4.730999999992491,-0.03900000000000003,40,yes,-0.03900000000000003,40
782,yes,4.785000000083528,-0.03900000000000003,40,yes,-0.03900000000000003,40
783,yes,4.068000000188476,-0.03900000000000003,40,yes,-0.03900000000000003,40
784,yes,3.9630000001125154,-0.03900000000000003,40,yes,-0.03900000000000003,40
785,yes,5.12200000048324,-0.03900000000000003,40,yes,-0.03900000000000003,40
786,yes,3.988000000390457,-0.03900000000000003,40,yes,-0.03900000000000003,40
787,yes,3.9460000007238705,-0.03900000000000003,40,yes,-0.03900000000000003,40
788,yes,4.063000000314787,-0.03900000000000003,40,yes,-0.03900000000000003,40
789,yes,4.000000000814907,-0.03900000000000003,40,yes,-0.03900000000000003,40
790,yes,3.958999999667867,-0.03900000000000003,40,yes,-0.03900000000000003,40
791,yes,6.158999999570369,-0.03900000000000003,40,yes,-0.03900000000000003,40
792,yes,3.9789999991626246,-0.03900000000000003,40,yes,-0.03900000000000003,40
793,yes,3.9489999999204883,-0.03900000000000003,40,yes,-0.03900000000000003,40
794,yes,5.103999999846565,-0.03900000000000003,40,yes,-0.03900000000000003,40
795,yes,5.022999999710009,-0.03900000000000003,40,yes,-0.03900000000000003,40
796,yes,4.012999999758904,-0.03900000000000003,40,yes,-0.03900000000000003,40
797,yes,3.964999999880092,-0.03900000000000003,40,yes,-0.03900000000000003,40
798,yes,4.111000000193599,-0.03900000000000003,40,yes,-0.03900000000000003,40
799,yes,3.9569999999002903,-0.03900000000000003,40,yes,-0.03900000000000003,40
800,yes,3.9630000001125154,-0.03900000000000003,40,yes,-0.03900000000000003,40
801,yes,5.791999999928521,-0.03900000000000003,40,yes,-0.03900000000000003,40
802,yes,3.9719999995213584,-0.03900000000000003,40,yes,-0.03900000000000003,40
803,yes,3.943000000617758,-0.03900000000000003,40,yes,-0.03900000000000003,40
804,yes,5.102000000078988,-0.03900000000000003,40,yes,-0.03900000000000003,40
805,yes,3.996000000370259,-0.03900000000000003,40,yes,-0.03900000000000003,40
806,yes,3.9630000001125154,-0.03900000000000003,40,yes,-0.03900000000000003,40
807,yes,5.191000000195345,-0.03900000000000003,40,yes,-0.03900000000000003,40
808,yes,5.1410000005489565,-0.03900000000000003,40,yes,-0.03900000000000003,40
809,yes,3.974999999627471,-0.03900000000000003,40,yes,-0.03900000000000003,40
810,yes,3.972999999859894,-0.03900000000000003,40,yes,-0.03900000000000003,40
811,yes,3.9610000003449386,-0.03900000000000003,40,yes,-0.03900000000000003,40
812,yes,3.9539999997941777,-0.03900000000000003,40,yes,-0.03900000000000003,40
813,yes,5.626000000120257,-0.03900000000000003,40,yes,-0.03900000000000003,40
814,yes,4.1040000005523325,-0.03900000000000003,40,yes,-0.03900000000000003,40
815,yes,3.912000000127591,-0.03900000000000003,40,yes,-0.03900000000000003,40
816,yes,6.39099999989412,-0.03900000000000003,40,yes,-0.03900000000000003,40
817,yes,3.9399999996021506,-0.03900000000000003,40,yes,-0.03900000000000003,40
818,yes,3.9399999996021506,-0.03900000000000003,40,yes,-0.03900000000000003,40
819,yes,4.846000000725326,-0.03900000000000003,40,yes,-0.03900000000000003,40
820,yes,4.770999999891501,-0.03900000000000003,40,yes,-0.03900000000000003,40
821,yes,3.9310000001933076,-0.03900000000000003,40,yes,-0.03900000000000003,40
822,yes,3.9470000001529115,-0.03900000000000003,40,yes,-0.03900000000000003,40
823,yes,3.9539999997941777,-0.03900000000000003,40,yes,-0.03900000000000003,40
824,yes,3.988999999819498,-0.03900000000000003,40,yes,-0.03900000000000003,40
825,yes,4.010000000562286,-0.03900000000000003,40,yes,-0.03900000000000003,40
826,yes,5.060000000412401,-0.03900000000000003,40,yes,-0.03900000000000003,40
827,yes,3.94499999947584,-0.03900000000000003,40,yes,-0.03900000000000003,40
828,yes,3.9150000002337038,-0.03900000000000003,40,yes,-0.03900000000000003,40
829,yes,3.9959999994607642,-0.03900000000000003,40,yes,-0.03900000000000003,40
830,yes,4.023999999844818,-0.03900000000000003,40,yes,-0.03900000000000003,40
831,yes,3.9619999997739797,-0.03900000000000003,40,yes,-0.03900000000000003,40
832,yes,3.942999999708263,-0.03900000000000003,40,yes,-0.03900000000000003,40
833,yes,4.552000000330736,-0.03900000000000003,40,yes,-0.03900000000000003,40
834,yes,4.071000000294589,-0.03900000000000003,40,yes,-0.03900000000000003,40
835,yes,3.964999999880092,-0.03900000000000003,40,yes,-0.03900000000000003,40
836,yes,4.299000000173692,-0.03900000000000003,40,yes,-0.03900000000000003,40
837,yes,4.028000000289467,-0.03900000000000003,40,yes,-0.03900000000000003,40
838,yes,3.9610000003449386,-0.03900000000000003,40,yes,-0.03900000000000003,40
839,yes,5.890000000363216,-0.03900000000000003,40,yes,-0.03900000000000003,40
840,yes,3.9710000000923174,-0.03900000000000003,40,yes,-0.03900000000000003,40
841,yes,4.003000000011525,-0.03900000000000003,40,yes,-0.03900000000000003,40
842,yes,4.77000000046246,-0.03900000000000003,40,yes,-0.03900000000000003,40
843,yes,5.229999999755819,-0.03900000000000003,40,yes,-0.03900000000000003,40
844,yes,4.010000000562286,-0.03900000000000003,40,yes,-0.03900000000000003,40
845,yes,3.964000000451051,-0.03900000000000003,40,yes,-0.03900000000000003,40
846,yes,4.94299999991199,-0.03900000000000003,40,yes,-0.03900000000000003,40
847,yes,3.958999999667867,-0.03900000000000003,40,yes,-0.03900000000000003,40
848,yes,3.942999999708263,-0.03900000000000003,40,yes,-0.03900000000000003,40
849,yes,4.457000000002154,-0.03900000000000003,40,yes,-0.03900000000000003,40
850,yes,3.9399999996021506,-0.03900000000000003,40,yes,-0.03900000000000003,40
851,yes,4.004999999779102,-0.03900000000000003,40,yes,-0.03900000000000003,40
852,yes,5.689999999958673,-0.03900000000000003,40,yes,-0.03900000000000003,40
853,yes,3.6740000005011098,-0.03900000000000003,40,yes,-0.03900000000000003,40
854,yes,3.915999999662745,-0.03900000000000003,40,yes,-0.03900000000000003,40
855,yes,4.490000000259897,-0.03900000000000003,40,yes,-0.03900000000000003,40
856,yes,4.120000000511936,-0.03900000000000003,40,yes,-0.03900000000000003,40
857,yes,3.944000000046799,-0.03900000000000003,40,yes,-0.03900000000000003,40
858,yes,3.9380000007440685,-0.03900000000000003,40,yes,-0.03900000000000003,40
859,yes,4.265000000486907,-0.03900000000000003,40,yes,-0.03900000000000003,40
860,yes,4.001999999672989,-0.03900000000000003,40,yes,-0.03900000000000003,40
861,yes,3.9470000001529115,-0.03900000000000003,40,yes,-0.03900000000000003,40
862,yes,5.590999999185442,-0.03900000000000003,40,yes,-0.03900000000000003,40
863,yes,4.844000000048254,-0.03900000000000003,40,yes,-0.03900000000000003,40
864,yes,3.944000000046799,-0.03900000000000003,40,yes,-0.03900000000000003,40
865,yes,4.612000000633998,-0.03900000000000003,40,yes,-0.03900000000000003,40
866,yes,3.9569999999002903,-0.03900000000000003,40,yes,-0.03900000000000003,40
867,yes,3.980000000410655,-0.03900000000000003,40,yes,-0.03900000000000003,40
868,yes,3.9630000001125154,-0.03900000000000003,40,yes,-0.03900000000000003,40
869,yes,4.881999999270192,-0.03900000000000003,40,yes,-0.03900000000000003,40
870,yes,3.9419999993697274,-0.03900000000000003,40,yes,-0.03900000000000003,40
871,yes,3.9160000005722395,-0.03900000000000003,40,yes,-0.03900000000000003,40
872,yes,5.31799999953364,-0.03900000000000003,40,yes,-0.03900000000000003,40
873,yes,4.391000000396161,-0.03900000000000003,40,yes,-0.03900000000000003,40
874,yes,3.998999999566877,-0.03900000000000003,40,yes,-0.03900000000000003,40
875,yes,4.058999999870139,-0.03900000000000003,40,yes,-0.03900000000000003,40
876,yes,4.855000000134169,-0.03900000000000003,40,yes,-0.03900000000000003,40
877,yes,3.9329999999608845,-0.03900000000000003,40,yes,-0.03900000000000003,40
878,yes,3.950000000259024,-0.03900000000000003,40,yes,-0.03900000000000003,40
879,yes,4.065999999511405,-0.03900000000000003,40,yes,-0.03900000000000003,40
880,yes,3.9530000003651367,-0.03900000000000003,40,yes,-0.03900000000000003,40
881,yes,4.000000000814907,-0.03900000000000003,40,yes,-0.03900000000000003,40
882,yes,5.447999999887543,-0.03900000000000003,40,yes,-0.03900000000000003,40
883,yes,3.9459999998143758,-0.03900000000000003,40,yes,-0.03900000000000003,40
884,yes,3.915999999662745,-0.03900000000000003,40,yes,-0.03900000000000003,40
885,yes,3.9260000003196183,-0.03900000000000003,40,yes,-0.03900000000000003,40
886,yes,4.851000000599015,-0.03900000000000003,40,yes,-0.03900000000000003,40
887,yes,3.952000000026601,-0.03900000000000003,40,yes,-0.03900000000000003,40
888,yes,3.929999999854772,-0.03900000000000003,40,yes,-0.03900000000000003,40
889,yes,3.943000000617758,-0.03900000000000003,40,yes,-0.03900000000000003,40
890,yes,3.9480000004914473,-0.03900000000000003,40,yes,-0.03900000000000003,40
891,yes,4.085000000486616,-0.03900000000000003,40,yes,-0.03900000000000003,40
892,yes,3.9479999995819526,-0.03900000000000003,40,yes,-0.03900000000000003,40
893,yes,4.162999999607564,-0.03900000000000003,40,yes,-0.03900000000000003,40
894,yes,4.9849999995785765,-0.03900000000000003,40,yes,-0.03900000000000003,40
895,yes,3.9259999994101236,-0.03900000000000003,40,yes,-0.03900000000000003,40
896,yes,3.9399999996021506,-0.03900000000000003,40,yes,-0.03900000000000003,40
897,yes,5.895000000236905,-0.03900000000000003,40,yes,-0.03900000000000003,40
898,yes,4.03199999982462,-0.03900000000000003,40,yes,-0.03900000000000003,40
899,yes,3.9409999999406864,-0.03900000000000003,40,yes,-0.03900000000000003,40
900,yes,4.988000000594184,-0.03900000000000003,40,yes,-0.03900000000000003,40
901,yes,3.9850000002843444,-0.03900000000000003,40,yes,-0.03900000000000003,40
902,yes,4.018000000542088,-0.03900000000000003,40,yes,-0.03900000000000003,40
903,yes,3.928000000087195,-0.03900000000000003,40,yes,-0.03900000000000003,40
904,yes,3.9799999995011603,-0.03900000000000003,40,yes,-0.03900000000000003,40
905,yes,3.9850000002843444,-0.03900000000000003,40,yes,-0.03900000000000003,40
906,yes,3.9870000000519212,-0.03900000000000003,40,yes,-0.03900000000000003,40
907,yes,5.008000000088941,-0.03900000000000003,40,yes,-0.03900000000000003,40
908,yes,3.982999999607273,-0.03900000000000003,40,yes,-0.03900000000000003,40
909,yes,3.9459999998143758,-0.03900000000000003,40,yes,-0.03900000000000003,40
910,yes,3.9409999999406864,-0.03900000000000003,40,yes,-0.03900000000000003,40
911,yes,5.000000000109139,-0.03900000000000003,40,yes,-0.03900000000000003,40
912,yes,4.077000000506814,-0.03900000000000003,40,yes,-0.03900000000000003,40
913,yes,3.943000000617758,-0.03900000000000003,40,yes,-0.03900000000000003,40
914,yes,3.9620000006834744,-0.03900000000000003,40,yes,-0.03900000000000003,40
915,yes,7.010000000263972,-0.03900000000000003,40,yes,-0.03900000000000003,40
916,yes,3.9319999996223487,-0.03900000000000003,40,yes,-0.03900000000000003,40
917,yes,3.9319999996223487,-0.03900000000000003,40,yes,-0.03900000000000003,40
918,yes,5.001999999876716,-0.03900000000000003,40,yes,-0.03900000000000003,40
919,yes,5.288000000291504,-0.03900000000000003,40,yes,-0.03900000000000003,40
920,yes,3.9450000003853347,-0.03900000000000003,40,yes,-0.03900000000000003,40
921,yes,3.913999999895168,-0.03900000000000003,40,yes,-0.03900000000000003,40
922,yes,5.274999999528518,-0.03900000000000003,40,yes,-0.03900000000000003,40
923,yes,4.027999999379972,-0.03900000000000003,40,yes,-0.03900000000000003,40
924,yes,3.9530000003651367,-0.03900000000000003,40,yes,-0.03900000000000003,40
925,yes,4.989000000023225,-0.03900000000000003,40,yes,-0.03900000000000003,40
926,yes,3.981999999268737,-0.03900000000000003,40,yes,-0.03900000000000003,40
927,yes,4.013999999187945,-0.03900000000000003,40,yes,-0.03900000000000003,40
928,yes,3.9409999999406864,-0.03900000000000003,40,yes,-0.03900000000000003,40
929,yes,4.784999999174033,-0.03900000000000003,40,yes,-0.03900000000000003,40
930,yes,4.0909999997893465,-0.03900000000000003,40,yes,-0.03900000000000003,40
931,yes,4.023999999844818,-0.03900000000000003,40,yes,-0.03900000000000003,40
932,yes,4.103000000213797,-0.03900000000000003,40,yes,-0.03900000000000003,40
933,yes,5.192000000533881,-0.03900000000000003,40,yes,-0.03900000000000003,40
934,yes,3.9750000005369657,-0.03900000000000003,40,yes,-0.03900000000000003,40
935,yes,3.964000000451051,-0.03900000000000003,40,yes,-0.03900000000000003,40
936,yes,5.759000000580272,-0.03900000000000003,40,yes,-0.03900000000000003,40
937,yes,3.942000000279222,-0.03900000000000003,40,yes,-0.03900000000000003,40
938,yes,3.95100000059756,-0.03900000000000003,40,yes,-0.03900000000000003,40
939,yes,4.0169999992940575,-0.03900000000000003,40,yes,-0.03900000000000003,40
940,yes,4.041000000142958,-0.03900000000000003,40,yes,-0.03900000000000003,40
941,yes,3.944000000046799,-0.03900000000000003,40,yes,-0.03900000000000003,40
942,yes,3.9539999997941777,-0.03900000000000003,40,yes,-0.03900000000000003,40
943,yes,5.01799999983632,-0.03900000000000003,40,yes,-0.03900000000000003,40
944,yes,4.160999999839987,-0.03900000000000003,40,yes,-0.03900000000000003,40
945,yes,4.557999999633466,-0.03900000000000003,40,yes,-0.03900000000000003,40
946,yes,5.063999999947555,-0.03900000000000003,40,yes,-0.03900000000000003,40
947,yes,4.602999999406165,-0.03900000000000003,40,yes,-0.03900000000000003,40
948,yes,4.055000000334985,-0.03900000000000003,40,yes,-0.03900000000000003,40
949,yes,3.9390000001731096,-0.03900000000000003,40,yes,-0.03900000000000003,40
950,yes,6.215999999767519,-0.03900000000000003,40,yes,-0.03900000000000003,40
951,yes,4.061999999976251,-0.03900000000000003,40,yes,-0.03900000000000003,40
952,yes,3.9319999996223487,-0.03900000000000003,40,yes,-0.03900000000000003,40
953,yes,4.063999999743828,-0.03900000000000003,40,yes,-0.03900000000000003,40
954,yes,3.936999999496038,-0.03900000000000003,40,yes,-0.03900000000000003,40
955,yes,4.589999999552674,-0.03900000000000003,40,yes,-0.03900000000000003,40
956,yes,4.009999999652791,-0.03900000000000003,40,yes,-0.03900000000000003,40
957,yes,3.9550000001327135,-0.03900000000000003,40,yes,-0.03900000000000003,40
958,yes,3.9630000001125154,-0.03900000000000003,40,yes,-0.03900000000000003,40
959,yes,3.942000000279222,-0.03900000000000003,40,yes,-0.03900000000000003,40
960,yes,4.863000000113971,-0.03900000000000003,40,yes,-0.03900000000000003,40
961,yes,3.967999999986205,-0.03900000000000003,40,yes,-0.03900000000000003,40
962,yes,3.9759999999660067,-0.03900000000000003,40,yes,-0.03900000000000003,40
963,yes,3.9090000000214786,-0.03900000000000003,40,yes,-0.03900000000000003,40
964,yes,4.8579999993307865,-0.03900000000000003,40,yes,-0.03900000000000003,40
965,yes,3.950999999688065,-0.03900000000000003,40,yes,-0.03900000000000003,40
966,yes,4.062999999405292,-0.03900000000000003,40,yes,-0.03900000000000003,40
967,yes,3.9639999995415565,-0.03900000000000003,40,yes,-0.03900000000000003,40
968,yes,4.377000000204134,-0.03900000000000003,40,yes,-0.03900000000000003,40
969,yes,3.920000000107393,-0.03900000000000003,40,yes,-0.03900000000000003,40
970,yes,4.9840000001495355,-0.03900000000000003,40,yes,-0.03900000000000003,40
971,yes,3.9559999995617545,-0.03900000000000003,40,yes,-0.03900000000000003,40
972,yes,4.92599999961385,-0.03900000000000003,40,yes,-0.03900000000000003,40
973,yes,3.936999999496038,-0.03900000000000003,40,yes,-0.03900000000000003,40
974,yes,4.025000000183354,-0.03900000000000003,40,yes,-0.03900000000000003,40
975,yes,5.019000000174856,-0.03900000000000003,40,yes,-0.03900000000000003,40
976,yes,3.9080000005924376,-0.03900000000000003,40,yes,-0.03900000000000003,40
977,yes,3.905000000486325,-0.03900000000000003,40,yes,-0.03900000000000003,40
978,yes,5.0580000006448245,-0.03900000000000003,40,yes,-0.03900000000000003,40
979,yes,4.979999999704887,-0.03900000000000003,40,yes,-0.03900000000000003,40
980,yes,3.9049999995768303,-0.03900000000000003,40,yes,-0.03900000000000003,40
981,yes,3.893999999490916,-0.03900000000000003,40,yes,-0.03900000000000003,40
982,yes,3.988999999819498,-0.03900000000000003,40,yes,-0.03900000000000003,40
983,yes,4.030999999486085,-0.03900000000000003,40,yes,-0.03900000000000003,40
984,yes,3.9870000000519212,-0.03900000000000003,40,yes,-0.03900000000000003,40
985,yes,4.018999999971129,-0.03900000000000003,40,yes,-0.03900000000000003,40
986,yes,3.9759999999660067,-0.03900000000000003,40,yes,-0.03900000000000003,40
987,yes,5.323999999745865,-0.03900000000000003,40,yes,-0.03900000000000003,40
988,yes,4.127000000153203,-0.03900000000000003,40,yes,-0.03900000000000003,40
989,yes,3.9630000001125154,-0.03900000000000003,40,yes,-0.03900000000000003,40
990,yes,3.998999999566877,-0.03900000000000003,40,yes,-0.03900000000000003,40
991,yes,4.007000000456173,-0.03900000000000003,40,yes,-0.03900000000000003,40
992,yes,4.0079999998852145,-0.03900000000000003,40,yes,-0.03900000000000003,40
993,yes,3.966999999647669,-0.03900000000000003,40,yes,-0.03900000000000003,40
994,yes,4.042999999910535,-0.03900000000000003,40,yes,-0.03900000000000003,40
995,yes,5.025000000387081,-0.03900000000000003,40,yes,-0.03900000000000003,40
996,yes,5.102000000078988,-0.03900000000000003,40,yes,-0.03900000000000003,40
997,yes,3.960999999435444,-0.03900000000000003,40,yes,-0.03900000000000003,40
998,yes,3.9419999993697274,-0.03900000000000003,40,yes,-0.03900000000000003,40
999,yes,5.917999999837775,-0.03900000000000003,40,yes,-0.03900000000000003,40
1000,yes,3.936999999496038,-0.03900000000000003,40,yes,-0.03900000000000003,40
